userAddress,userCity,userState,userZipCode
834 Cabell Ct,Springfield,VA,22150
707 Larchmont Ave,Capitol Heights,MD,20743
653 Morton Pl NE,Washington,DC,20002
3326 E St SE,Washington,DC,20019
5400 Cathedral Ave NW,Washington,DC,20016
5886 Leesburg Pike,Falls Church,VA,22041
7451 Patterson Rd,Falls Church,VA,22043
809 Graham Rd,Falls Church,VA,22042
6211 Leesburg Pike,Falls Church,VA,22044
843 Cabell Avenue,Charlottesville,VA,22903
5840 Crossroads Ctr,Falls Church,VA,22041
155 Hillwood Avenue,Falls Church,VA,22046
7541 Leesburg Pike,Falls Church,VA,22043
5300 Wisconsin Ave NW,Washington,DC,20015
1201 G St NW,Washington,DC,20005
5333 Wisconsin Ave NW,Washington,DC,20015
2747 Martin Luther King Jr Ave SE,Washington,DC,20032
3921 S Capitol St SW,Washington,DC,20032
1608 20th St NW,Washington,DC,20009
5100 Wisconsin Ave NW,Washington,DC,20016
1440 P St NW,Washington,DC,20005
1345 Park Rd NW,Washington,DC,20010
501 3rd St NW,Washington,DC,20001
1924 8th St NW,Washington,DC,20001
1317 Pennsylvania Ave SE,Washington,DC,20003
4616 14th St NW,Washington,DC,20011
826 18th St NW,Washington,DC,20006
1101 25th St NW,Washington,DC,20037
1319 18th St NW,Washington,DC,20036
1807 18th St NW,Washington,DC,20009
300 Morse St NE,Washington,DC,20002
516 23rd St NW,Washington,DC,20037
529 14th St NW,Washington,DC,20045
3100 14th St NW,Washington,DC,20010
901 17th St NE,Washington,DC,20002
94 Palmer Aly NW,Washington,DC,20001
1548 Benning Rd NE,Washington,DC,20002
2305 Rhode Island Ave NE,Washington,DC,20018
1251 9th St NW,Washington,DC,20001
908 17th St NW,Washington,DC,20006
111 19th St NW,Washington,DC,20036
1230 New York Ave NE,Washington,DC,20002
3030 M St NW,Washington,DC,20007
2516 Columbia Pike,Arlington,VA,22204
2501 9th Rd S,Arlington,VA,22204
1211 Glebe Rd,Arlington,VA,22201
300 N Glebe Rd,Arlington,VA,22203
1201 S Hayes St,Arlington,VA,22202
1200 N Veitch St,Arlington,VA,22201
1625 Wilson Blvd,Arlington,VA,22209
2324 Columbia Pike,Arlington,VA,22204
1810 N Moore St,Arlington,VA,22209
1401 N Taft St,Arlington,VA,22201
1144 N Stuart St,Arlington,VA,22201
4505 Lee Hwy,Arlington,VA,22207
1101 S Joyce St,Arlington,VA,22029
1800 N Oak St,Arlington,VA,22209
2250 Clarendon Blvd,Arlington,VA,22201
523 Carpenter Rd,Fort Myer,VA,22211
3610 Lee Hwy,Arlington,VA,22207
4100 Fairfax Dr,Arlington,VA,22203
900 N Randolph St,Arlington,VA,22203
2501 9th Rd S,Arlington,VA,22204
1201 S Courthouse Rd,Arlington,VA,22204
4200 Columbia Pike,Arlington,VA,22204
1235 Jefferson Davis Hwy,Arlington,VA,22202
1201 S Eads St,Arlington,VA,22202
1810 N Moore St,Arlington,VA,22209
850 N Randolph St,Arlington,VA,22203
850 N Randolph St,Arlington,VA,22203
8039 Gatehouse Rd,Falls Church,VA,22042
2303 Bancroft Pl NW,Washington,DC,20008
4326 9th ST NW,Washington,DC,22011
2800 Clarendon Blvd,Arlington,VA,22201
2800 Clarendon Blvd,Arlington,VA,22201
7013 Leestone St,Springfield,VA,22151
2519 Afton St,Temple Hills,MD,20748
1320 N Veitch St,Arlington,VA,22201
1320N Veitch St,Arlington,VA,22201
4934 Indian Ln NW,Washington,DC,20016
4123 Village Ct,Annandale,VA,22033
500 N Roosevelt St,Falls Church,VA,22044
500 N Roosevelt St,Falls Church,VA,22044
2724 S Arlington Ridge Rd,Arlington,VA,22202
2400 Queens Chapel Rd,Hyattsville,MD,20782
2400 Queens Chapel Rd,Hyattsville,MD,20782
950 25th St NW,Washington,DC,20037
5603 Cypress Creek Dr,Chillum,MD,20782
5603 Cypress Creek Dr,Chillum,MD,20783
5340 Holmes Run Pkwy,Alexandria,VA,22304
4101 Kaywood Pl,Mt Rainier,MD,20712
4101 Kaywood Pl,Mt Rainier,MD,20713
6706 Farragut Ave,Falls Church,VA,22042
3001 Branch Ave,Hillcrest Heights,MD,20748
2740 32nd St NW,Washington,DC,20008
3601 Newark St NW,Washington,DC,20016
4545 Wheeler Rd,Glassmanor,MD,20745
831 Rock Creek Church Rd NW,Washington,DC,20010
3301 King St,Alexandria,VA,22302
3466 Brinkley Rd,Temple Hills,MD,20748
13205 Franklin View Ct,Fairfax,VA,22033
4608 Battenburg Ln,Fairfax,VA,22030
10833 Verde Vista Dr,Fairfax,VA,22030
12312 Field Lark Ln,Fairfax,VA,22030
9459 Fairfax Blvd,Fairfax,VA,22031
10809 Carol St,Fairfax,VA,22030
4283 Fox Lake Dr,Fairfax,VA,22030
3138 Barkley Dr,Fairfax,VA,22031
13108 Poplar Tree Rd,Fairfax,VA,22033
2933 Everleigh Way,Fairfax,VA,22031
10825 Crest St,Fairfax,VA,22030
12806 Madeley Ct,Fairfax,VA,22033
9931 Great Oaks Way,Fairfax,VA,22030
4617 Carsbrooke Ln,Fairfax,VA,22030
13116 Pennerview Ln,Fairfax,VA,22033
12703 Sabastian Dr,Fairfax,VA,22030
10003 Five Oaks Rd,Fairfax,VA,22031
7205 Arrowood Rd,Bethesda,MD,20817
5912 Melvern Dr,Bethesda,MD,20817
6208 Bradley Blvd,Bethesda,MD,20817
4504 N Chelsea Ln,Bethesda,MD,20814
6832 Tulip Hill Ter,Bethesda,MD,20816
113 S Brook Ln,Bethesda,MD,20814
7342 Heatherhill Ct,Bethesda,MD,20817
5304 Ventnor Rd,Bethesda,MD,20816
4609 Maple Ave,Bethesda,MD,20814
9217 E Parkhill Dr,Bethesda,MD,20814
8017 Park Ln,Bethesda,MD,20814
3301 Fessenden St NW,Washington,DC,20008
3005 Chancellors Way NE,Washington,DC,20017
1607 28th St NW,Washington,DC,20007
7201 Dulany Ct,Mclean,VA,22101
2030 N Quinn St,Arlington,VA,22209
1526 17th St NW,Washington,DC,20036
2815 Woodland Dr NW,Washington,DC,20008
900 N Taylor St,Arlington,VA,22203
4400 Garfield St NW,Washington,DC,20007
1439 Shippen Ln SE,Washington,DC,20020
3528 Albemarle St NW,Washington,DC,20008
1402 S St NW,Washington,DC,20009
1000 New Jersey Ave SE,Washington,DC,20003
1661 Crescent Pl NW,Washington,DC,20009
1207 Buchanan St,Mclean,VA,22101
6478 Oakwood Dr,Falls Church,VA,22041
3117 Graydon St,Falls Church,VA,22042
629 4th ST NE,Washington,DC,20002
4319 18th St NW,Washington,DC,22011
3246 S Utah St,Arlington,VA,22206
4017 22nd St N,Arlington,VA,22207
2228 Mclean Park Rd,Falls Church,VA,22043
811 N Daniel St,Arlington,VA,22201
210 N Columbus St,Arlington,VA,22203
2915 O ST NW,Washington,DC,20007
2804 Q St NW,Washington,DC,20007
4507 Holmes Run Pkwy,Alexandria,VA,22304
3407 Gilden Dr,Alexandria,VA,22305
731 Upland Pl,Alexandria,VA,22314
3006 13th St NW,Washington,DC,20009
3322 Breckenridge Ct,Annandale,VA,22033
4053 Taney Ave,Alexandria,VA,22304
2101 Connecticut Ave NW,Washington,DC,20008
7902 Holmes Run Dr,Falls Church,VA,22042
4600 Duke St,Alexandria,VA,22304
1011 Arlington Blvd,Arlington,VA,22209
3900 Tunlaw Rd NW,Washington,DC,20007
3125 Celadon Ln,Falls Church,VA,22044
110 S Huron Dr,Oxon Hill,MD,20745
3138 Barkely Dr,Fairfax,VA,22031
307 Yoakum Pkwy,Alexandria,VA,22304
8736 Wolftrap Rd,Vienna,VA,22182
2509 Foxhall Rd NW,Washington,DC,20007
815 S Randolph St,Arlington,VA,22204
3127 51st Pl NW,Washington,DC,20016
1229 18th St NE,Washington,DC,20002
2475 Virginia Ave,Washington,DC,20037
5511 Janice Ln,Temple Hills,MD,20748
714 Maury Ave,Oxon Hill,MD,20745
2300 Pimmit Dr,Falls Church,VA,22043
2605 Midway St,Falls Church,VA,22046
2035 N Taylor St,Arlington,VA,22207
4705 16th St NW,Washington,DC,22011
89 Danbury St SW,Washington,DC,20032
2810 Liberty Ave,Falls Church,VA,22042
3612 17th St NE,Washington,DC,20018
6 Ancell St,Alexandria,VA,22305
5713 S Hil Mar Cir,District Heights,MD,20747
1300 Army Navy Dr,Arlington,VA,22202
5043 9th St S,Arlington,VA,22204
7312 Statecrest Dr,Annandale,VA,22033
3222 Cherry Hill Ln NW,Washington,DC,20007
702 E St NE,Washington,DC,20002
3239 Ravensworth Pl,Alexandria,VA,22302
7914 Towerbell Ct,Annandale,VA,22033
2812 S Meade St,Arlington,VA,22206
2308 Tunlaw Rd NW,Washington,DC,20007
423 Sherrow Ave,Falls Church,VA,22046
906 Turkey Run Rd,Mclean,VA,22101
3030 K St NW,Washington,DC,20007
7507 Chrisland Cv,Falls Church,VA,22042
3132 Annandale Rd,Falls Church,VA,22042
